[
    {
        "itemId": 126704571.0,
        "name": "New Look trench coat in camel",
        "price": 49.99,
        "category": "New Look trench coat in camel",
        "color": "Neutral"
    },
    {
        "itemId": 123650194.0,
        "name": "Stradivarius double breasted wool coat in grey",
        "price": 59.99,
        "category": "Stradivarius double breasted wool coat in grey",
        "color": "GREY"
    },
    {
        "itemId": 125806824.0,
        "name": "JDY oversized trench coat in stone",
        "price": 45.0,
        "category": "JDY oversized trench coat in stone",
        "color": "STONE"
    },
    {
        "itemId": 121963507.0,
        "name": "Nike Running hooded jacket in pink",
        "price": 84.95,
        "category": "Nike Running hooded jacket in pink",
        "color": "Pink"
    },
    {
        "itemId": 123053365.0,
        "name": "ASOS DESIGN Tall linen mix trench coat in natural",
        "price": 75.0,
        "category": "ASOS DESIGN Tall linen mix trench coat in natural",
        "color": "Natural"
    },
    {
        "itemId": 127124035.0,
        "name": "ASOS DESIGN denim bomber in ecru",
        "price": 56.0,
        "category": "ASOS DESIGN denim bomber in ecru",
        "color": "ECRU"
    },
    {
        "itemId": 126364047.0,
        "name": "ASOS Weekend Collective nylon track jacket in neutral",
        "price": 40.0,
        "category": "ASOS Weekend Collective nylon track jacket in neutral",
        "color": "NEUTRAL"
    },
    {
        "itemId": 124546286.0,
        "name": "ASOS DESIGN Tall ultimate faux leather biker jacket in black",
        "price": 38.0,
        "category": "ASOS DESIGN Tall ultimate faux leather biker jacket in black",
        "color": "Black"
    },
    {
        "itemId": 126354302.0,
        "name": "Native Youth oversized twill shacket co-ord in purple",
        "price": 40.0,
        "category": "Native Youth oversized twill shacket co-ord in purple",
        "color": "PURPLE"
    },
    {
        "itemId": 126703766.0,
        "name": "Carhartt WIP michigan OG jacket in black",
        "price": 150.0,
        "category": "Carhartt WIP michigan OG jacket in black",
        "color": "BLACK"
    },
    {
        "itemId": 116000852.0,
        "name": "adidas Originals slim trefoil puffer jacket in black",
        "price": 42.5,
        "category": "adidas Originals slim trefoil puffer jacket in black",
        "color": "BLACK"
    },
    {
        "itemId": 109315954.0,
        "name": "Columbia Puffect cropped jacket in black Exclusive at ASOS",
        "price": 72.0,
        "category": "Columbia Puffect cropped jacket in black Exclusive at ASOS",
        "color": "Black"
    },
    {
        "itemId": 116024881.0,
        "name": "ASOS DESIGN rubberised bomber rain jacket in khaki",
        "price": 17.5,
        "category": "ASOS DESIGN rubberised bomber rain jacket in khaki",
        "color": "Khaki"
    },
    {
        "itemId": 126023732.0,
        "name": "ASOS DESIGN denim short sleeve shirt in midwash blue",
        "price": 30.0,
        "category": "ASOS DESIGN denim short sleeve shirt in midwash blue",
        "color": "BLUE"
    },
    {
        "itemId": 123173402.0,
        "name": "New Look boxy gilet in camel",
        "price": 21.5,
        "category": "New Look boxy gilet in camel",
        "color": "CAMEL"
    },
    {
        "itemId": 123064032.0,
        "name": "Bershka maxi belted coat in black",
        "price": 79.99,
        "category": "Bershka maxi belted coat in black",
        "color": "BLACK"
    },
    {
        "itemId": 127255776.0,
        "name": "Vero Moda trench coat in black",
        "price": 38.0,
        "category": "Vero Moda trench coat in black",
        "color": "BLACK"
    },
    {
        "itemId": 121137519.0,
        "name": "Stradivarius tailored coat in beige",
        "price": 35.99,
        "category": "Stradivarius tailored coat in beige",
        "color": "BEIGE"
    },
    {
        "itemId": 123373890.0,
        "name": "Stradivarius tailored belted coat in black",
        "price": 69.99,
        "category": "Stradivarius tailored belted coat in black",
        "color": "BLACK"
    },
    {
        "itemId": 1678173.0,
        "name": "Barney's Originals Emma real leather jacket with belt",
        "price": 84.0,
        "category": "Barney's Originals Emma real leather jacket with belt",
        "color": "Black"
    },
    {
        "itemId": 115932470.0,
        "name": "ASOS DESIGN reversible quilt lined jacket in stone and green",
        "price": 37.2,
        "category": "ASOS DESIGN reversible quilt lined jacket in stone and green",
        "color": "Stone & Green"
    },
    {
        "itemId": 115116035.0,
        "name": "Miss Selfridge longline faux leather biker jacket in black",
        "price": 49.99,
        "category": "Miss Selfridge longline faux leather biker jacket in black",
        "color": "BLACK"
    },
    {
        "itemId": 125645934.0,
        "name": "Bershka faux leather motorcross jacket in light grey",
        "price": 59.99,
        "category": "Bershka faux leather motorcross jacket in light grey",
        "color": "GREY"
    },
    {
        "itemId": 123064045.0,
        "name": "Bershka oversized bomber puffer jacket in black",
        "price": 39.99,
        "category": "Bershka oversized bomber puffer jacket in black",
        "color": "BLACK"
    },
    {
        "itemId": 125807523.0,
        "name": "Topshop denim balloon jacket in dirty dark wash",
        "price": 56.0,
        "category": "Topshop denim balloon jacket in dirty dark wash",
        "color": "Dirty Dark Wash"
    },
    {
        "itemId": 116760005.0,
        "name": "Barbour Annandale diamond quilt jacket with cord collar in navy",
        "price": 119.0,
        "category": "Barbour Annandale diamond quilt jacket with cord collar in navy",
        "color": "Navy"
    },
    {
        "itemId": 119314849.0,
        "name": "Forever New trench coat with tie belt in mink",
        "price": 69.0,
        "category": "Forever New trench coat with tie belt in mink",
        "color": "Stone"
    },
    {
        "itemId": 1948856.0,
        "name": "ASOS DESIGN longline plush faux fur coat in camel",
        "price": 41.5,
        "category": "ASOS DESIGN longline plush faux fur coat in camel",
        "color": "Camel"
    },
    {
        "itemId": 116073022.0,
        "name": "ASOS DESIGN reversible bomber jacket in brown and cream",
        "price": 16.0,
        "category": "ASOS DESIGN reversible bomber jacket in brown and cream",
        "color": "Brown"
    },
    {
        "itemId": 121818508.0,
        "name": "ASOS DESIGN borg denim jacket in washed blue",
        "price": 58.0,
        "category": "ASOS DESIGN borg denim jacket in washed blue",
        "color": "WASHED BLUE"
    },
    {
        "itemId": 121420359.0,
        "name": "Vero Moda hooded rain jacket in black",
        "price": 38.0,
        "category": "Vero Moda hooded rain jacket in black",
        "color": "BLACK"
    },
    {
        "itemId": 127096116.0,
        "name": "New Look Tall trench coat in camel",
        "price": 49.99,
        "category": "New Look Tall trench coat in camel",
        "color": "Camel"
    },
    {
        "itemId": 115982793.0,
        "name": "ASOS DESIGN Petite smart dad coat in black",
        "price": 75.0,
        "category": "ASOS DESIGN Petite smart dad coat in black",
        "color": "Black"
    },
    {
        "itemId": 115969699.0,
        "name": "ASOS DESIGN velour look belted padded coat in mink",
        "price": 39.5,
        "category": "ASOS DESIGN velour look belted padded coat in mink",
        "color": "Mink"
    },
    {
        "itemId": 117357355.0,
        "name": "Topshop faux leather oversized biker jacket in washed brown",
        "price": 54.5,
        "category": "Topshop faux leather oversized biker jacket in washed brown",
        "color": "WASHED BROWN"
    },
    {
        "itemId": 115963531.0,
        "name": "ASOS DESIGN heavyweight rubberised padded rain coat in sage",
        "price": 22.5,
        "category": "ASOS DESIGN heavyweight rubberised padded rain coat in sage",
        "color": "Sage"
    },
    {
        "itemId": 114994682.0,
        "name": "ASOS DESIGN Petite 'Original' denim jacket in midwash",
        "price": 12.6,
        "category": "ASOS DESIGN Petite 'Original' denim jacket in midwash",
        "color": "MIDWASH"
    },
    {
        "itemId": 123573454.0,
        "name": "Pimkie faux leather jacket in black",
        "price": 31.0,
        "category": "Pimkie faux leather jacket in black",
        "color": "BLACK"
    },
    {
        "itemId": 118842050.0,
        "name": "Columbia Flash Challenger cropped windbreaker jacket in light green Exclusive at ASOS",
        "price": 32.5,
        "category": "Columbia Flash Challenger cropped windbreaker jacket in light green Exclusive at ASOS",
        "color": "Khaki"
    },
    {
        "itemId": 111429247.0,
        "name": "ASOS DESIGN overhead rain jacket in khaki",
        "price": 22.0,
        "category": "ASOS DESIGN overhead rain jacket in khaki",
        "color": "Khaki"
    },
    {
        "itemId": 124213808.0,
        "name": "New Look quilted belted trench coat in black",
        "price": 46.99,
        "category": "New Look quilted belted trench coat in black",
        "color": "Black"
    },
    {
        "itemId": 122199616.0,
        "name": "ASOS DESIGN high shine bomber jacket in cobalt",
        "price": 65.0,
        "category": "ASOS DESIGN high shine bomber jacket in cobalt",
        "color": "Blue"
    },
    {
        "itemId": 122836479.0,
        "name": "Stradivarius vinyl crackled faux leather jacket in black",
        "price": 28.0,
        "category": "Stradivarius vinyl crackled faux leather jacket in black",
        "color": "BLACK"
    },
    {
        "itemId": 124258949.0,
        "name": "New Look mid length padded puffer coat with hood in dark khaki",
        "price": 54.99,
        "category": "New Look mid length padded puffer coat with hood in dark khaki",
        "color": "Green"
    },
    {
        "itemId": 123053373.0,
        "name": "ASOS DESIGN Curve herringbone shacket in oatmeal",
        "price": 48.0,
        "category": "ASOS DESIGN Curve herringbone shacket in oatmeal",
        "color": "Oatmeal"
    },
    {
        "itemId": 120794306.0,
        "name": "Dickies New Alatna long puffer jacket in lilac",
        "price": 67.5,
        "category": "Dickies New Alatna long puffer jacket in lilac",
        "color": "Lilac"
    },
    {
        "itemId": 126583868.0,
        "name": "Bershka athletic track jacket in navy",
        "price": 35.99,
        "category": "Bershka athletic track jacket in navy",
        "color": "BLACK"
    },
    {
        "itemId": 121713352.0,
        "name": "COLLUSION shaggy faux mongolian fur jacket in cream",
        "price": 65.99,
        "category": "COLLUSION shaggy faux mongolian fur jacket in cream",
        "color": "CREAM"
    },
    {
        "itemId": 116022689.0,
        "name": "Topshop longline chuck on coat in black",
        "price": 70.0,
        "category": "Topshop longline chuck on coat in black",
        "color": "black"
    },
    {
        "itemId": 118895840.0,
        "name": "Aria Cove vegan leather trench coat in khaki",
        "price": 95.0,
        "category": "Aria Cove vegan leather trench coat in khaki",
        "color": "KHAKI"
    },
    {
        "itemId": 109315956.0,
        "name": "Columbia Puffect cropped jacket in chalk Exclusive at ASOS",
        "price": 61.0,
        "category": "Columbia Puffect cropped jacket in chalk Exclusive at ASOS",
        "color": "Chalk"
    },
    {
        "itemId": 116071644.0,
        "name": "ASOS DESIGN cropped padded jacket in baby blue",
        "price": 18.5,
        "category": "ASOS DESIGN cropped padded jacket in baby blue",
        "color": "Blue"
    },
    {
        "itemId": 123573450.0,
        "name": "Pimkie puffer coat in coffee",
        "price": 35.5,
        "category": "Pimkie puffer coat in coffee",
        "color": "COFFEE"
    },
    {
        "itemId": 124953472.0,
        "name": "Bershka tailored double breasted coat in ecru",
        "price": 79.99,
        "category": "Bershka tailored double breasted coat in ecru",
        "color": "ECRU"
    },
    {
        "itemId": 122715097.0,
        "name": "Vila quilted tie waist jacket in cream",
        "price": 25.5,
        "category": "Vila quilted tie waist jacket in cream",
        "color": "Cement"
    },
    {
        "itemId": 116054295.0,
        "name": "ASOS DESIGN Petite trench coat with faux leather hood in black",
        "price": 72.0,
        "category": "ASOS DESIGN Petite trench coat with faux leather hood in black",
        "color": "Black"
    },
    {
        "itemId": 122779022.0,
        "name": "Berghaus Dean Street unisex Single Point overhead jacket in brown",
        "price": 55.0,
        "category": "Berghaus Dean Street unisex Single Point overhead jacket in brown",
        "color": "Brown"
    },
    {
        "itemId": 120533155.0,
        "name": "Topshop cord zip through jacket in khaki",
        "price": 39.0,
        "category": "Topshop cord zip through jacket in khaki",
        "color": "KHAKI"
    },
    {
        "itemId": 115982817.0,
        "name": "ASOS DESIGN Petite faux leather puffer gilet in black",
        "price": 27.0,
        "category": "ASOS DESIGN Petite faux leather puffer gilet in black",
        "color": "Black"
    },
    {
        "itemId": 115944978.0,
        "name": "Under Armour Training Meridian jacket in black",
        "price": 65.0,
        "category": "Under Armour Training Meridian jacket in black",
        "color": "BLACK"
    },
    {
        "itemId": 124201397.0,
        "name": "Pull&Bear oversized  bomber jacket in grey",
        "price": 35.99,
        "category": "Pull&Bear oversized  bomber jacket in grey",
        "color": "GREY"
    },
    {
        "itemId": 111429254.0,
        "name": "ASOS DESIGN Curve oversized rain parka in black",
        "price": 25.0,
        "category": "ASOS DESIGN Curve oversized rain parka in black",
        "color": "Black"
    },
    {
        "itemId": 102738682.0,
        "name": "ASOS 4505 mid layer fleece back jacket with reflective piping",
        "price": 32.0,
        "category": "ASOS 4505 mid layer fleece back jacket with reflective piping",
        "color": "Dark Teal"
    },
    {
        "itemId": 116763457.0,
        "name": "Barbour Beadnell wax jacket in navy",
        "price": 195.0,
        "category": "Barbour Beadnell wax jacket in navy",
        "color": "Navy"
    },
    {
        "itemId": 120048777.0,
        "name": "Cotton:On collared quilted coat in green",
        "price": 17.99,
        "category": "Cotton:On collared quilted coat in green",
        "color": "BRIGHT GREEN"
    },
    {
        "itemId": 124703486.0,
        "name": "River Island classic coat in beige",
        "price": 51.0,
        "category": "River Island classic coat in beige",
        "color": "BEIGE"
    },
    {
        "itemId": 105736712.0,
        "name": "Topshop double breasted coat in green",
        "price": 65.0,
        "category": "Topshop double breasted coat in green",
        "color": "GREEN"
    },
    {
        "itemId": 118864237.0,
        "name": "Topshop Sno borg zip through jacket in green",
        "price": 54.0,
        "category": "Topshop Sno borg zip through jacket in green",
        "color": "GREEN"
    },
    {
        "itemId": 123688709.0,
        "name": "New Look belted gilet with tie waist detail in light khaki",
        "price": 39.99,
        "category": "New Look belted gilet with tie waist detail in light khaki",
        "color": "Light green"
    },
    {
        "itemId": 116764333.0,
        "name": "Miss Selfridge crop borg aviator jacket in black co-ord",
        "price": 59.5,
        "category": "Miss Selfridge crop borg aviator jacket in black co-ord",
        "color": "BLACK"
    },
    {
        "itemId": 120610933.0,
        "name": "ASOS DESIGN peached puffer jacket in pink",
        "price": 34.0,
        "category": "ASOS DESIGN peached puffer jacket in pink",
        "color": "PINK"
    },
    {
        "itemId": 123500246.0,
        "name": "New Look Curve quilted puffer coat in dark khaki",
        "price": 36.99,
        "category": "New Look Curve quilted puffer coat in dark khaki",
        "color": "Khaki"
    },
    {
        "itemId": 115087301.0,
        "name": "Topshop Tall sleeveless puffer gilet jacket in off white",
        "price": 46.0,
        "category": "Topshop Tall sleeveless puffer gilet jacket in off white",
        "color": "off white"
    },
    {
        "itemId": 122678688.0,
        "name": "Berghaus Single Point wind overhead jacket in pink",
        "price": 66.0,
        "category": "Berghaus Single Point wind overhead jacket in pink",
        "color": "Pink"
    },
    {
        "itemId": 119314850.0,
        "name": "Forever New formal wrap coat with tie belt in camel",
        "price": 115.0,
        "category": "Forever New formal wrap coat with tie belt in camel",
        "color": "Camel"
    },
    {
        "itemId": 125934392.0,
        "name": "Topshop oversized collar corduroy bomber jacket in beige",
        "price": 65.0,
        "category": "Topshop oversized collar corduroy bomber jacket in beige",
        "color": "BEIGE"
    },
    {
        "itemId": 111784675.0,
        "name": "ASOS DESIGN Tall cotton pocket shacket in black",
        "price": 30.0,
        "category": "ASOS DESIGN Tall cotton pocket shacket in black",
        "color": "Black"
    },
    {
        "itemId": 105608465.0,
        "name": "ASOS Weekend Collective clean belted padded coat with logo in black",
        "price": 56.0,
        "category": "ASOS Weekend Collective clean belted padded coat with logo in black",
        "color": "Black"
    },
    {
        "itemId": 116764334.0,
        "name": "Miss Selfridge Petite crop borg aviator jacket in pink",
        "price": 48.99,
        "category": "Miss Selfridge Petite crop borg aviator jacket in pink",
        "color": "PINK"
    },
    {
        "itemId": 120694330.0,
        "name": "Vero Moda belted wrap coat in beige",
        "price": 48.0,
        "category": "Vero Moda belted wrap coat in beige",
        "color": "BEIGE"
    },
    {
        "itemId": 125749697.0,
        "name": "In The Style utility pocket detail belted jacket in blue",
        "price": 45.0,
        "category": "In The Style utility pocket detail belted jacket in blue",
        "color": "BLUE"
    },
    {
        "itemId": 118950582.0,
        "name": "Noisy May cord oversized shacket in brown",
        "price": 42.0,
        "category": "Noisy May cord oversized shacket in brown",
        "color": "BROWN"
    },
    {
        "itemId": 124343351.0,
        "name": "River Island coat with cuff detail in bright blue",
        "price": 72.0,
        "category": "River Island coat with cuff detail in bright blue",
        "color": "BLUE - BRIGHT"
    },
    {
        "itemId": 116052515.0,
        "name": "Topshop Sno ski parka coat with fur hood in black",
        "price": 119.0,
        "category": "Topshop Sno ski parka coat with fur hood in black",
        "color": "BLACK"
    },
    {
        "itemId": 118842049.0,
        "name": "Columbia Flash Challenger cropped winbreaker jacket in peach Exclusive at ASOS",
        "price": 20.0,
        "category": "Columbia Flash Challenger cropped winbreaker jacket in peach Exclusive at ASOS",
        "color": "Pink"
    },
    {
        "itemId": 120883990.0,
        "name": "Pieces quilted bomber jacket in green",
        "price": 38.5,
        "category": "Pieces quilted bomber jacket in green",
        "color": "BRIGHT GREEN"
    },
    {
        "itemId": 123666860.0,
        "name": "New Look boxy padded zip up coat in black",
        "price": 40.0,
        "category": "New Look boxy padded zip up coat in black",
        "color": "Black"
    },
    {
        "itemId": 2028550.0,
        "name": "ASYOU brushed coat with PU inner jacket in beige",
        "price": 48.99,
        "category": "ASYOU brushed coat with PU inner jacket in beige",
        "color": "Beige"
    },
    {
        "itemId": 117791203.0,
        "name": "ASYOU mixed borg midi puffer coat in chocolate",
        "price": 31.49,
        "category": "ASYOU mixed borg midi puffer coat in chocolate",
        "color": "Chocolate"
    },
    {
        "itemId": 119273534.0,
        "name": "ASOS DESIGN leather ultimate biker jacket in black",
        "price": 100.0,
        "category": "ASOS DESIGN leather ultimate biker jacket in black",
        "color": "Black"
    },
    {
        "itemId": 120617623.0,
        "name": "Gym King utility gilet in black",
        "price": 50.0,
        "category": "Gym King utility gilet in black",
        "color": "BLACK"
    },
    {
        "itemId": 116403990.0,
        "name": "Topshop long line quilted liner coat in black",
        "price": 52.0,
        "category": "Topshop long line quilted liner coat in black",
        "color": "BLACK"
    },
    {
        "itemId": 120654258.0,
        "name": "ASOS DESIGN embellished bomber jacket in black",
        "price": 46.0,
        "category": "ASOS DESIGN embellished bomber jacket in black",
        "color": "Black"
    },
    {
        "itemId": 123109801.0,
        "name": "River Island faux leather oversized biker jacket in black",
        "price": 75.0,
        "category": "River Island faux leather oversized biker jacket in black",
        "color": "BLACK"
    },
    {
        "itemId": 1981207.0,
        "name": "ASOS DESIGN bonded shearling trench coat in grey",
        "price": 34.0,
        "category": "ASOS DESIGN bonded shearling trench coat in grey",
        "color": "Grey"
    },
    {
        "itemId": 123624898.0,
        "name": "Tommy Jeans oversized hooded denim jacket in multi",
        "price": 130.0,
        "category": "Tommy Jeans oversized hooded denim jacket in multi",
        "color": "Denim Dark"
    },
    {
        "itemId": 115420879.0,
        "name": "Topshop textured short coat in grey",
        "price": 65.0,
        "category": "Topshop textured short coat in grey",
        "color": "GREY MARL"
    },
    {
        "itemId": 119168591.0,
        "name": "Dare 2b glamorize III ski jacket in monochrome leopard print",
        "price": 75.0,
        "category": "Dare 2b glamorize III ski jacket in monochrome leopard print",
        "color": "Black White Leopard"
    },
    {
        "itemId": 122678607.0,
        "name": "Berghaus Nula Micro water resistant padded jacket in black",
        "price": 84.5,
        "category": "Berghaus Nula Micro water resistant padded jacket in black",
        "color": "Black"
    },
    {
        "itemId": 125825157.0,
        "name": "NA-KD x Moa Mattsson belted trench coat with faux fur in sage",
        "price": 90.0,
        "category": "NA-KD x Moa Mattsson belted trench coat with faux fur in sage",
        "color": "SAGE"
    },
    {
        "itemId": 115435416.0,
        "name": "Topshop borg trench coat in grey",
        "price": 100.0,
        "category": "Topshop borg trench coat in grey",
        "color": "GREY"
    }
]